{"cameraMode":{"drawMode":0,"name":"Shaded","section":"Shading Mode"},"sceneLighting":true,"audioPlay":false,"sceneViewState":{"showFog":true,"showMaterialUpdate":false,"showSkybox":true,"showFlares":true,"showImageEffects":true,"showParticleSystems":true},"in2DMode":false,"pivot":{"x":75.04612731933594,"y":200.63873291015626,"z":0.0},"rotation":{"x":-0.001809687470085919,"y":0.005097406450659037,"z":-0.000009281445272790734,"w":-0.9999884963035584},"size":131.709228515625,"orthographic":false}